,_player_id,_name,_height,_weight,_position,_season,_team_abbreviation,_minutes_played,_total_rebounds,_player_efficiency_rating,_field_goal_percentage,_free_throw_percentage,_two_point_percentage,_three_point_percentage,_offensive_rebounds,_assists,_turnovers,_usage_percentage,_offensive_win_shares,_defensive_rebounds,_steals,_blocks,_defensive_win_shares
luguentz-dort-1,luguentz-dort-1,Luguentz Dort,6-4,215lb,Guard,2018-19,arizona-state,1072,145,16.5,.405,.700,.472,.307,44,79,99,27.9,1.5,101,52,7,1.6
remy-martin-2,remy-martin-2,Remy Martin,6-0,170lb,Guard,2018-19,arizona-state,1043,101,16.6,.402,.736,.462,.312,21,160,67,21.6,2.0,80,40,1,1.3
zylan-cheatham-1,zylan-cheatham-1,Zylan Cheatham,6-8,220lb,Forward,2018-19,arizona-state,1102,351,18.7,.534,.618,.543,.440,73,108,103,19.9,1.7,278,28,27,2.2
rob-edwards-1,rob-edwards-1,Rob Edwards,6-4,200lb,Guard,2018-19,arizona-state,820,92,11.8,.344,.835,.314,.375,9,36,37,20.4,0.9,83,28,5,1.1
romello-white-1,romello-white-1,Romello White,6-8,235lb,Forward,2018-19,arizona-state,850,177,15.4,.598,.579,.598,,77,11,45,16.3,1.6,100,13,24,1.1
kimani-lawrence-1,kimani-lawrence-1,Kimani Lawrence,6-7,210lb,Forward,2018-19,arizona-state,852,119,12.1,.419,.747,.504,.314,36,43,46,18.0,1.1,83,19,8,1.0
taeshon-cherry-1,taeshon-cherry-1,Taeshon Cherry,6-8,210lb,Forward,2018-19,arizona-state,523,78,11.4,.391,.714,.511,.345,14,10,15,16.6,0.6,64,17,7,0.8
dequon-lake-1,dequon-lake-1,De'Quon Lake,6-10,225lb,Forward,2018-19,arizona-state,431,121,19.7,.766,.638,.766,,52,3,24,13.6,1.1,69,9,26,0.8
elias-valtonen-1,elias-valtonen-1,Elias Valtonen,6-7,195lb,Guard,2018-19,arizona-state,77,8,9.9,.556,1.000,1.000,.500,1,2,6,9.9,0.0,7,3,4,0.1
mickey-mitchell-1,mickey-mitchell-1,Mickey Mitchell,6-7,225lb,Forward,2018-19,arizona-state,53,16,11.3,.714,.125,.667,1.000,6,6,6,15.1,0.0,10,1,0,0.1
vitaliy-shibel-1,vitaliy-shibel-1,Vitaliy Shibel,6-9,210lb,Forward,2018-19,arizona-state,51,7,-3.0,.222,,.000,.286,2,0,3,11.2,-0.1,5,1,0,0.1
kyle-feit-1,kyle-feit-1,Kyle Feit,6-4,190lb,Guard,2018-19,arizona-state,5,2,33.2,.667,,1.000,.500,0,0,1,38.1,0.0,2,0,0,0.0
grant-fogerty-1,grant-fogerty-1,Grant Fogerty,6-0,175lb,Guard,2018-19,arizona-state,7,0,19.4,1.000,,1.000,,0,1,0,6.8,0.0,0,0,0,0.0
jordan-salzman-1,jordan-salzman-1,Jordan Salzman,5-10,175lb,Guard,2018-19,arizona-state,6,0,5.6,.000,.500,.000,,0,0,0,31.0,0.0,0,1,0,0.0
jack-roggin-1,jack-roggin-1,Jack Roggin,6-0,165lb,Guard,2018-19,arizona-state,2,0,-15.9,,,,,0,0,0,0.0,0.0,0,0,0,0.0
trev-thompson-1,trev-thompson-1,Trev Thompson,6-2,175lb,Guard,2018-19,arizona-state,6,1,-7.3,.000,,.000,,0,0,1,15.9,0.0,1,1,0,0.0
brandon-randolph-2,brandon-randolph-2,Brandon Randolph,6-6,175lb,Guard,2018-19,arizona,923,105,13.0,.384,.781,.433,.295,23,32,42,25.3,0.8,82,22,9,1.2
chase-jeter-1,chase-jeter-1,Chase Jeter,6-10,230lb,Center-Forward,2018-19,arizona,743,197,20.7,.574,.623,.574,,66,18,41,21.9,1.8,131,14,17,1.3
brandon-williams-8,brandon-williams-8,Brandon Williams,6-2,190lb,Guard,2018-19,arizona,732,72,16.0,.377,.819,.436,.316,5,88,46,22.8,1.4,67,21,5,1.0
justin-coleman-2,justin-coleman-2,Justin Coleman,5-10,170lb,Guard,2018-19,arizona,986,83,11.4,.380,.788,.398,.360,7,120,68,17.7,0.9,76,29,0,1.3
ryan-luther-1,ryan-luther-1,Ryan Luther,6-9,225lb,Forward,2018-19,arizona,796,139,15.6,.440,.765,.514,.375,59,39,37,17.8,1.5,80,27,5,1.2
dylan-smith-1,dylan-smith-1,Dylan Smith,6-5,170lb,Guard,2018-19,arizona,783,118,8.3,.341,.739,.326,.351,13,35,53,19.2,-0.1,105,19,10,1.2
ira-lee-1,ira-lee-1,Ira Lee,6-7,235lb,Forward,2018-19,arizona,553,131,18.0,.617,.641,.626,.000,47,14,36,18.4,1.1,84,5,23,0.9
alex-barcello-1,alex-barcello-1,Alex Barcello,6-2,180lb,Guard,2018-19,arizona,287,26,11.9,.393,.905,.528,.292,2,15,10,18.5,0.4,24,10,0,0.4
devonaire-doutrive-1,devonaire-doutrive-1,Devonaire Doutrive,6-5,175lb,Guard,2018-19,arizona,286,78,17.1,.456,.571,.458,.450,32,18,17,17.6,0.5,46,12,1,0.5
emmanuel-akot-1,emmanuel-akot-1,Emmanuel Akot,6-7,200lb,Guard,2018-19,arizona,328,48,6.7,.394,.400,.444,.286,9,18,15,13.7,0.0,39,4,2,0.4
jake-desjardins-1,jake-desjardins-1,Jake Desjardins,6-6,215lb,Forward,2018-19,arizona,23,7,14.5,.167,.417,.167,,4,1,0,26.0,0.0,3,2,1,0.1
matt-weyand-1,matt-weyand-1,Matt Weyand,6-5,190lb,Forward,2018-19,arizona,7,1,21.4,1.000,,1.000,,1,0,0,7.3,0.0,0,0,0,0.0
kory-jones-1,kory-jones-1,Kory Jones,6-3,170lb,Guard,2018-19,arizona,3,0,0.0,,,,,0,0,0,0.0,0.0,0,0,0,0.0
alec-spence-1,alec-spence-1,Alec Spence,6-6,195lb,Guard,2018-19,arizona,1,0,0.0,,,,,0,0,0,0.0,0.0,0,0,0,0.0
justice-sueing-2,justice-sueing-2,Justice Sueing,6-7,215lb,Forward,2018-19,california,1070,186,19.7,.432,.782,.505,.302,46,61,53,22.3,2.3,140,52,15,0.6
darius-mcneill-1,darius-mcneill-1,Darius McNeill,6-3,182lb,Guard,2018-19,california,1010,44,11.3,.391,.696,.455,.349,7,28,34,19.1,0.7,37,46,2,0.0
paris-austin-1,paris-austin-1,Paris Austin,6-0,185lb,Guard,2018-19,california,1000,89,14.4,.440,.727,.461,.281,9,125,73,21.2,0.9,80,42,5,0.2
matt-bradley-1,matt-bradley-1,Matt Bradley,6-4,220lb,Guard,2018-19,california,879,112,14.9,.411,.791,.369,.472,28,63,58,21.6,1.2,84,27,11,0.1
connor-vanover-1,connor-vanover-1,Connor Vanover,7-3,225lb,Forward,2018-19,california,490,83,18.9,.469,.667,.554,.355,21,5,18,22.1,0.8,62,7,35,0.2
andre-kelly-1,andre-kelly-1,Andre Kelly,6-8,260lb,Forward,2018-19,california,609,116,14.9,.551,.703,.548,.667,33,6,28,16.4,1.0,83,15,14,0.2
juhwan-harris-dyson-1,juhwan-harris-dyson-1,Juhwan Harris-Dyson,6-5,203lb,Guard,2018-19,california,479,60,7.8,.408,.564,.442,.000,19,30,34,17.0,-0.3,41,25,8,0.2
grant-anticevich-1,grant-anticevich-1,Grant Anticevich,6-8,240lb,Forward,2018-19,california,315,58,9.6,.411,.800,.457,.333,21,11,17,15.4,0.1,37,9,6,0.1
jacobi-gordon-1,jacobi-gordon-1,Jacobi Gordon,6-7,215lb,Forward,2018-19,california,241,42,6.5,.306,.750,.381,.250,18,5,17,17.3,0.0,24,2,1,0.0
roman-davis-1,roman-davis-1,Roman Davis,6-7,210lb,Forward,2018-19,california,109,29,0.7,.280,.267,.292,.000,5,2,5,17.9,-0.3,24,1,2,0.1
jacob-orender-1,jacob-orender-1,Jacob Orender,6-0,178lb,Guard,2018-19,california,12,1,-5.7,.143,,.000,.250,0,1,1,35.0,-0.1,1,1,0,0.0
david-serge-1,david-serge-1,David Serge,6-4,185lb,Guard,2018-19,california,3,0,69.1,1.000,,,1.000,0,1,0,17.5,0.1,0,0,0,0.0
jules-erving-1,jules-erving-1,Jules Erving,6-5,205lb,Forward,2018-19,california,3,0,-20.9,,,,,0,0,1,17.5,0.0,0,0,0,0.0
blake-welle-1,blake-welle-1,Blake Welle,6-7,208lb,Forward,2018-19,california,4,1,-7.3,.000,,,.000,0,0,0,13.1,0.0,1,0,0,0.0
tyler-bey-1,tyler-bey-1,Tyler Bey,6-7,218lb,Guard,2018-19,colorado,948,355,26.0,.541,.782,.563,.227,77,23,71,25.5,2.5,278,30,44,2.5
mckinley-wrightiv-1,mckinley-wrightiv-1,McKinley Wright IV,6-0,195lb,Guard,2018-19,colorado,1133,173,18.9,.494,.807,.554,.365,28,167,108,21.8,2.4,145,39,7,2.0
shane-gatling-1,shane-gatling-1,Shane Gatling,6-2,181lb,Guard,2018-19,colorado,934,70,13.2,.358,.825,.427,.319,7,60,44,20.5,1.4,63,34,7,1.5
dshawn-schwartz-1,dshawn-schwartz-1,D'Shawn Schwartz,6-7,226lb,Guard,2018-19,colorado,1003,131,12.3,.436,.778,.563,.313,34,46,42,16.8,1.6,97,13,6,1.4
lucas-siewert-1,lucas-siewert-1,Lucas Siewert,6-10,230lb,Forward,2018-19,colorado,920,181,13.5,.430,.742,.500,.352,45,56,58,19.3,1.2,136,15,12,1.5
evan-battey-1,evan-battey-1,Evan Battey,6-8,264lb,Forward,2018-19,colorado,768,157,17.1,.484,.705,.507,.188,68,44,38,20.2,1.8,89,17,12,1.3
daylen-kountz-1,daylen-kountz-1,Daylen Kountz,6-4,185lb,Guard,2018-19,colorado,616,50,10.1,.430,.646,.487,.308,3,46,41,19.3,0.4,47,15,3,0.9
namon-wright-1,namon-wright-1,Namon Wright,6-5,197lb,Guard,2018-19,colorado,237,40,18.9,.453,.844,.533,.382,6,12,10,18.9,0.7,34,6,3,0.4
alexander-strating-1,alexander-strating-1,Alexander Strating,6-7,227lb,Forward,2018-19,colorado,231,33,11.0,.688,.500,.688,,17,9,12,11.8,0.3,16,2,2,0.3
deleon-brown-1,deleon-brown-1,Deleon Brown,6-4,165lb,Guard,2018-19,colorado,190,11,3.7,.324,.583,.353,.300,2,7,9,13.7,-0.1,9,4,1,0.3
eli-parquet-1,eli-parquet-1,Eli Parquet,6-3,192lb,Guard,2018-19,colorado,222,26,3.4,.268,.429,.300,.238,8,8,13,13.0,-0.3,18,6,10,0.4
benan-ersek-1,benan-ersek-1,Benan Ersek,6-2,170lb,Guard,2018-19,colorado,9,1,-8.7,,,,,0,0,1,5.6,0.0,1,0,0,0.0
aj-martinka-1,aj-martinka-1,A.J. Martinka,6-5,195lb,Guard,2018-19,colorado,7,4,-25.9,.000,,.000,,1,0,2,35.9,-0.1,3,0,0,0.0
aidan-mcquade-1,aidan-mcquade-1,Aidan McQuade,6-2,185lb,Guard,2018-19,colorado,8,1,-7.8,.000,,,.000,0,0,0,6.3,0.0,1,0,0,0.0
tres-tinkle-1,tres-tinkle-1,Tres Tinkle,6-8,225lb,Forward,2018-19,oregon-state,1094,243,27.0,.483,.770,.570,.329,60,115,89,29.4,3.8,183,52,16,1.7
stephen-thompsonjr-1,stephen-thompsonjr-1,Stephen Thompson Jr.,6-4,190lb,Guard,2018-19,oregon-state,1135,130,17.7,.428,.755,.530,.308,28,100,62,24.4,2.2,102,48,4,1.2
ethan-thompson-1,ethan-thompson-1,Ethan Thompson,6-5,190lb,Guard,2018-19,oregon-state,1065,156,18.1,.444,.797,.497,.359,37,120,75,21.6,2.5,119,29,14,1.1
kylor-kelley-1,kylor-kelley-1,Kylor Kelley,7-0,215lb,Forward,2018-19,oregon-state,728,154,22.4,.654,.613,.654,,48,13,30,15.1,1.5,106,10,104,1.3
alfred-hollins-1,alfred-hollins-1,Alfred Hollins,6-6,195lb,Forward,2018-19,oregon-state,658,115,8.3,.377,.604,.465,.231,34,38,45,16.4,-0.1,81,18,7,0.7
gligorije-rakocevic-1,gligorije-rakocevic-1,Gligorije Rakocevic,6-11,255lb,Center,2018-19,oregon-state,397,74,15.6,.593,.714,.616,.200,34,3,16,16.1,0.9,40,4,10,0.3
zach-reichle-1,zach-reichle-1,Zach Reichle,6-5,205lb,Guard,2018-19,oregon-state,593,63,6.5,.302,.765,.227,.324,13,43,32,12.6,0.2,50,16,1,0.5
antoine-vernon-1,antoine-vernon-1,Antoine Vernon,6-0,175lb,Guard,2018-19,oregon-state,326,23,7.3,.371,1.000,.286,.429,4,25,15,9.3,0.3,19,7,0,0.2
warren-washington-1,warren-washington-1,Warren Washington,6-11,210lb,Forward,2018-19,oregon-state,211,38,7.0,.536,.500,.556,.000,15,6,7,10.0,0.2,23,0,8,0.2
jordan-campbell-2,jordan-campbell-2,Jordan Campbell,6-3,195lb,Guard,2018-19,oregon-state,21,3,26.2,.625,.500,.800,.333,1,2,2,27.0,0.1,2,1,0,0.0
kyle-blaser-1,kyle-blaser-1,Kyle Blaser,6-3,180lb,Guard,2018-19,oregon-state,3,0,-15.6,.000,,,.000,0,0,0,17.3,0.0,0,0,0,0.0
eli-glenzel-1,eli-glenzel-1,Eli Glenzel,6-8,220lb,Forward,2018-19,oregon-state,0,1,,,,,,0,0,0,,0.0,1,0,0,0.0
jack-wilson-1,jack-wilson-1,Jack Wilson,7-0,255lb,Center,2018-19,oregon-state,20,1,-11.3,.000,,.000,,1,0,1,10.4,-0.1,0,0,0,0.0
payton-pritchard-1,payton-pritchard-1,Payton Pritchard,6-2,195lb,Guard,2018-19,oregon,1349,147,18.7,.418,.838,.505,.328,33,175,75,20.9,3.2,114,68,3,2.5
louis-king-1,louis-king-1,Louis King,6-9,205lb,Forward,2018-19,oregon,943,171,17.2,.435,.785,.476,.386,41,40,64,25.0,1.5,130,27,7,1.8
paul-white-1,paul-white-1,Paul White,6-9,230lb,Forward,2018-19,oregon,1026,148,17.2,.451,.744,.515,.378,41,54,46,20.9,2.2,107,30,15,1.8
victor-baileyjr-1,victor-baileyjr-1,Victor Bailey Jr.,6-4,190lb,Guard,2018-19,oregon,708,74,15.5,.413,.911,.429,.398,16,34,31,20.8,1.3,58,24,0,1.1
will-richardson-1,will-richardson-1,Will Richardson,6-5,180lb,Guard,2018-19,oregon,922,90,12.8,.468,.675,.556,.278,24,95,64,15.8,0.9,66,43,7,1.6
ehab-amin-1,ehab-amin-1,Ehab Amin,6-4,200lb,Guard,2018-19,oregon,662,116,15.8,.374,.646,.431,.317,23,44,36,21.4,0.5,93,55,5,1.7
kenny-wooten-1,kenny-wooten-1,Kenny Wooten,6-9,235lb,Forward,2018-19,oregon,817,163,16.3,.589,.672,.593,.000,47,22,48,14.7,1.0,116,13,74,1.8
bol-bol-1,bol-bol-1,Bol Bol,7-2,235lb,Center,2018-19,oregon,268,86,37.5,.561,.757,.570,.520,19,9,18,33.4,1.1,67,7,24,0.8
francis-okoro-1,francis-okoro-1,Francis Okoro,6-9,235lb,Forward,2018-19,oregon,502,119,11.0,.469,.469,.469,,49,6,26,15.5,0.2,70,7,20,1.0
miles-norris-1,miles-norris-1,Miles Norris,6-10,210lb,Forward,2018-19,oregon,283,51,15.7,.540,.500,.737,.240,13,4,9,16.1,0.5,38,14,7,0.6
abu-kigab-1,abu-kigab-1,Abu Kigab,6-7,215lb,Forward,2018-19,oregon,149,27,10.8,.440,.600,.714,.091,9,18,7,12.3,0.2,18,2,0,0.2
will-johnson-4,will-johnson-4,Will Johnson,6-1,180lb,Guard,2018-19,oregon,11,1,-17.5,.000,,.000,.000,0,0,0,19.4,-0.1,1,0,0,0.0
luke-osborn-1,luke-osborn-1,Luke Osborn,6-6,215lb,Guard,2018-19,oregon,9,2,-1.5,.000,,,.000,0,0,0,5.9,0.0,2,0,0,0.0
bennie-boatwright-1,bennie-boatwright-1,Bennie Boatwright,6-10,235lb,Forward,2018-19,southern-california,1038,205,23.2,.474,.702,.519,.429,43,79,46,24.7,3.4,162,23,18,1.4
nick-rakocevic-1,nick-rakocevic-1,Nick Rakocevic,6-11,225lb,Forward,2018-19,southern-california,991,308,24.8,.548,.679,.554,.000,109,44,55,23.9,2.9,199,28,47,1.8
jonah-matthews-1,jonah-matthews-1,Jonah Mathews,6-3,200lb,Guard,2018-19,southern-california,1095,97,14.6,.431,.705,.481,.392,20,73,45,19.1,1.7,77,41,10,1.2
shaqquan-aaron-1,shaqquan-aaron-1,Shaqquan Aaron,6-7,195lb,Guard,2018-19,southern-california,913,143,12.8,.447,.633,.493,.369,33,75,46,16.5,1.1,110,25,10,1.1
derryck-thornton-1,derryck-thornton-1,Derryck Thornton,6-3,195lb,Guard,2018-19,southern-california,887,88,11.2,.382,.660,.415,.286,13,139,64,19.0,0.3,75,39,4,1.1
kevin-porterjr-1,kevin-porterjr-1,Kevin Porter Jr,6-6,218lb,Guard,2018-19,southern-california,464,84,16.2,.471,.522,.517,.412,20,30,39,23.3,0.5,64,17,11,0.7
elijah-weaver-1,elijah-weaver-1,Elijah Weaver,6-5,210lb,Guard,2018-19,southern-california,574,47,9.1,.421,.762,.484,.355,10,66,48,15.9,0.2,37,17,4,0.6
jordan-usher-1,jordan-usher-1,Jordan Usher,6-7,225lb,Guard,2018-19,southern-california,289,44,11.5,.452,.704,.536,.286,10,20,20,20.1,0.3,34,4,3,0.3
jraan-brooks-1,jraan-brooks-1,J'Raan Brooks,6-9,220lb,Forward,2018-19,southern-california,229,35,5.7,.442,.444,.486,.353,5,7,11,14.6,0.0,30,1,1,0.2
victor-uyaelunmo-1,victor-uyaelunmo-1,Victor Uyaelunmo,6-11,220lb,Forward,2018-19,southern-california,184,45,5.9,.471,.269,.471,,16,2,11,10.9,-0.1,29,5,9,0.3
devin-fleming-1,devin-fleming-1,Devin Fleming,6-2,190lb,Guard,2018-19,southern-california,19,1,10.2,.667,.429,.667,,0,1,2,21.8,0.0,1,2,0,0.0
mckay-anderson-2,mckay-anderson-2,McKay Anderson,6-5,190lb,Guard,2018-19,southern-california,7,1,13.9,.500,,.500,,1,0,0,14.2,0.0,0,0,0,0.0
charles-obannonjr-1,charles-obannonjr-1,"Charles O'Bannon, Jr.",6-6,210lb,Guard,2018-19,southern-california,10,1,-2.8,.000,,.000,,0,0,0,5.0,0.0,1,0,0,0.0
kezie-okpala-1,kezie-okpala-1,Kezie Okpala,6-9,215lb,Forward,2018-19,stanford,949,165,18.1,.463,.671,.493,.368,34,58,83,27.3,1.5,131,29,15,1.4
josh-sharma-1,josh-sharma-1,Josh Sharma,7-0,230lb,Center,2018-19,stanford,688,221,25.3,.673,.679,.680,.000,80,9,39,19.3,2.2,141,15,42,1.3
oscar-dasilva-1,oscar-dasilva-1,Oscar Da Silva,6-9,225lb,Forward,2018-19,stanford,878,186,15.3,.467,.683,.651,.257,46,56,62,18.5,1.0,140,21,40,1.4
daejon-davis-1,daejon-davis-1,Daejon Davis,6-3,185lb,Guard,2018-19,stanford,786,78,14.8,.426,.758,.473,.341,15,114,82,22.1,0.9,63,39,7,1.1
cormac-ryan-1,cormac-ryan-1,Cormac Ryan,6-5,190lb,Guard,2018-19,stanford,684,83,9.6,.333,.737,.395,.316,8,45,38,18.1,0.3,75,24,4,0.9
bryce-wills-1,bryce-wills-1,Bryce Wills,6-6,195lb,Guard,2018-19,stanford,753,106,9.2,.426,.556,.464,.267,23,60,65,16.4,-0.2,83,29,17,1.1
marcus-sheffield-1,marcus-sheffield-1,Marcus Sheffield,6-5,180lb,Guard,2018-19,stanford,433,33,11.5,.402,.864,.488,.357,7,16,19,17.6,0.6,26,13,2,0.5
jaiden-delaire-1,jaiden-delaire-1,Jaiden Delaire,6-9,200lb,Forward,2018-19,stanford,394,61,7.5,.347,.604,.417,.176,14,12,20,19.9,-0.1,47,7,9,0.5
isaac-white-2,isaac-white-2,Isaac White,6-2,180lb,Guard,2018-19,stanford,257,29,11.2,.426,.667,.583,.393,5,8,16,17.5,0.3,24,5,0,0.3
lukas-kisunas-1,lukas-kisunas-1,Lukas Kisunas,6-10,245lb,Forward,2018-19,stanford,173,49,12.1,.515,.611,.515,,16,4,10,14.5,0.2,33,1,7,0.3
kodye-pugh-1,kodye-pugh-1,Kodye Pugh,6-8,205lb,Forward,2018-19,stanford,132,19,10.8,.515,.600,.583,.333,8,9,14,19.1,0.1,11,2,0,0.1
trevor-stanback-1,trevor-stanback-1,Trevor Stanback,6-11,225lb,Forward,2018-19,stanford,86,19,6.7,.500,.455,.500,,9,1,8,13.2,-0.1,10,0,4,0.1
rodney-herenton-1,rodney-herenton-1,Rodney Herenton,6-1,185lb,Guard,2018-19,stanford,11,1,22.1,.500,,.600,.000,0,0,0,26.6,0.0,1,1,0,0.0
sam-beskind-1,sam-beskind-1,Sam Beskind,6-4,193lb,Guard,2018-19,stanford,1,0,0.0,,,,,0,0,0,0.0,0.0,0,0,0,0.0
kris-wilkes-1,kris-wilkes-1,Kris Wilkes,6-8,215lb,Guard,2018-19,ucla,1047,158,17.9,.433,.671,.508,.337,39,56,63,27.0,2.1,119,20,14,0.8
jaylen-hands-1,jaylen-hands-1,Jaylen Hands,6-3,180lb,Guard,2018-19,ucla,1029,121,18.5,.413,.780,.447,.373,12,201,105,24.6,2.0,109,44,5,1.0
moses-brown-1,moses-brown-1,Moses Brown,7-1,245lb,Center,2018-19,ucla,748,266,22.4,.607,.352,.607,,108,9,49,20.6,1.2,158,19,62,1.2
jules-bernard-1,jules-bernard-1,Jules Bernard,6-6,205lb,Guard,2018-19,ucla,567,103,15.2,.469,.739,.522,.371,27,28,50,22.1,0.9,76,17,3,0.5
prince-ali-1,prince-ali-1,Prince Ali,6-4,195lb,Guard,2018-19,ucla,639,70,14.1,.429,.679,.532,.339,19,38,43,20.0,0.8,51,33,4,0.6
chris-smith-19,chris-smith-19,Chris Smith,6-9,210lb,Guard,2018-19,ucla,648,122,10.6,.405,.719,.461,.281,19,43,46,18.7,0.2,103,14,9,0.6
david-singleton-2,david-singleton-2,David Singleton,6-4,200lb,Guard,2018-19,ucla,559,39,13.1,.449,.684,.419,.467,3,33,12,12.4,1.1,36,17,5,0.4
cody-riley-1,cody-riley-1,Cody Riley,6-9,240lb,Forward,2018-19,ucla,524,124,10.2,.474,.523,.504,.300,27,20,43,18.5,0.1,97,8,13,0.6
jalen-hill-1,jalen-hill-1,Jalen Hill,6-10,235lb,Forward-Guard,2018-19,ucla,669,199,14.0,.563,.677,.563,,62,40,36,10.8,1.0,137,13,14,0.8
alex-olesinski-1,alex-olesinski-1,Alex Olesinski,6-10,220lb,Forward,2018-19,ucla,180,40,12.9,.448,.750,.643,.267,13,2,5,10.4,0.2,27,8,5,0.2
kenneth-nwuba-1,kenneth-nwuba-1,Kenneth Nwuba,6-9,245lb,Forward,2018-19,ucla,50,11,0.1,.286,.429,.286,,5,2,5,14.4,-0.1,6,1,1,0.0
armani-dodson-1,armani-dodson-1,Armani Dodson,6-5,210lb,Guard,2018-19,ucla,10,3,7.3,,,,,0,0,0,0.0,0.0,3,0,1,0.0
russell-stong-1,russell-stong-1,Russell Stong,6-2,180lb,Guard,2018-19,ucla,5,0,-28.7,.000,,.000,.000,0,0,1,28.2,-0.1,0,0,0,0.0
sedrick-barefield-1,sedrick-barefield-1,Sedrick Barefield,6-2,190lb,Guard,2018-19,utah,999,65,18.4,.408,.825,.438,.388,10,118,81,27.8,2.7,55,29,0,0.3
timmy-allen-1,timmy-allen-1,Timmy Allen,6-6,210lb,Forward,2018-19,utah,834,148,20.3,.575,.735,.575,.571,45,71,59,21.0,2.5,103,25,5,0.5
donnie-tillman-1,donnie-tillman-1,Donnie Tillman,6-7,225lb,Forward,2018-19,utah,845,163,18.0,.439,.786,.528,.361,41,51,41,19.3,2.2,122,18,10,0.5
parker-vandyke-1,parker-vandyke-1,Parker Van Dyke,6-3,185lb,Guard,2018-19,utah,751,44,14.8,.431,.786,.545,.409,4,52,27,16.5,1.7,40,29,4,0.3
both-gach-1,both-gach-1,Both Gach,6-7,195lb,Guard-Forward,2018-19,utah,602,62,16.0,.472,.857,.691,.316,16,63,52,20.5,1.3,46,16,4,0.2
jayce-johnson-1,jayce-johnson-1,Jayce Johnson,7-0,235lb,Center-Forward,2018-19,utah,634,223,18.7,.597,.400,.597,,74,15,34,17.6,1.1,149,8,33,0.7
riley-battin-1,riley-battin-1,Riley Battin,6-9,220lb,Forward,2018-19,utah,624,105,13.6,.483,.686,.605,.360,24,36,28,16.0,1.2,81,7,1,0.2
novak-topalovic-1,novak-topalovic-1,Novak Topalovic,7-0,230lb,Forward-Center,2018-19,utah,382,96,10.9,.493,.606,.493,,22,7,21,13.9,0.2,74,3,19,0.3
charles-jonesjr-1,charles-jonesjr-1,Charles Jones Jr,6-2,200lb,Guard,2018-19,utah,319,24,4.6,.352,.538,.423,.311,3,18,20,15.6,-0.1,21,6,0,0.1
brandon-morley-1,brandon-morley-1,Brandon Morley,7-0,235lb,Forward-Center,2018-19,utah,108,27,12.0,.382,.538,.438,.333,14,2,8,22.8,0.1,13,2,1,0.1
vante-hendrix-1,vante-hendrix-1,Vante Hendrix,6-5,190lb,Guard,2018-19,utah,71,12,18.8,.450,.875,1.000,.353,2,6,4,20.0,0.2,10,1,0,0.0
beau-rydalch-1,beau-rydalch-1,Beau Rydalch,6-6,205lb,Guard,2018-19,utah,33,15,16.8,.333,.500,.500,.250,4,1,2,26.1,0.0,11,0,2,0.0
brooks-king-1,brooks-king-1,Brooks King,6-3,200lb,Guard,2018-19,utah,10,2,-9.0,.000,.500,,.000,0,0,0,20.2,0.0,2,0,0,0.0
marc-reininger-1,marc-reininger-1,Marc Reininger,6-9,220lb,Forward,2018-19,utah,13,1,-1.1,.000,.500,.000,,0,0,1,11.6,0.0,1,0,1,0.0
robert-franks-1,robert-franks-1,Robert Franks,6-9,225lb,Forward,2018-19,washington-state,930,195,24.1,.493,.848,.573,.399,37,70,87,29.7,2.8,158,18,19,0.6
cj-elleby-1,cj-elleby-1,CJ Elleby,6-6,185lb,Forward,2018-19,washington-state,992,227,17.8,.436,.661,.447,.414,51,96,96,27.1,1.2,176,33,18,0.8
marvin-cannon-1,marvin-cannon-1,Marvin Cannon,6-5,170lb,Guard-Forward,2018-19,washington-state,689,108,15.6,.436,.844,.486,.333,35,19,39,18.5,1.3,73,17,23,0.4
ahmed-ali-1,ahmed-ali-1,Ahmed Ali,5-11,165lb,Guard,2018-19,washington-state,678,59,13.6,.373,.826,.470,.326,18,93,39,19.5,1.2,41,23,1,0.2
carter-skaggs-1,carter-skaggs-1,Carter Skaggs,6-5,215lb,Guard,2018-19,washington-state,417,43,11.7,.385,.895,.615,.358,5,18,21,18.2,0.5,38,7,2,0.1
vionte-daniels-1,vionte-daniels-1,Viont'e Daniels,6-2,175lb,Guard,2018-19,washington-state,589,42,11.9,.414,.944,.444,.404,6,64,24,12.6,1.0,36,13,6,0.1
jervae-robinson-1,jervae-robinson-1,Jervae Robinson,6-2,185lb,Guard,2018-19,washington-state,578,45,6.8,.375,.682,.442,.288,6,61,41,17.5,-0.1,39,14,1,0.1
jeff-pollard-1,jeff-pollard-1,Jeff Pollard,6-9,240lb,Forward,2018-19,washington-state,523,74,12.4,.591,.781,.627,.300,24,18,19,12.1,0.9,50,11,2,0.2
isaiah-wade-1,isaiah-wade-1,Isaiah Wade,6-7,215lb,Forward,2018-19,washington-state,421,101,13.2,.561,.390,.588,.000,36,16,27,18.2,0.4,65,13,3,0.3
aljaz-kunc-1,aljaz-kunc-1,Aljaz Kunc,6-8,198lb,Forward,2018-19,washington-state,358,55,8.6,.448,.769,.545,.353,10,13,23,13.4,0.1,45,13,8,0.3
arinze-chidom-1,arinze-chidom-1,Arinze Chidom,6-9,200lb,Forward,2018-19,washington-state,110,27,11.1,.333,.700,.400,.143,9,6,6,17.1,0.0,18,6,1,0.1
davante-cooper-1,davante-cooper-1,Davante Cooper,6-11,233lb,Forward-Center,2018-19,washington-state,115,19,6.2,.667,.200,.667,,6,4,11,12.3,-0.1,13,1,5,0.1
jaylen-nowell-1,jaylen-nowell-1,Jaylen Nowell,6-4,200lb,Guard,2018-19,washington,1240,190,20.3,.502,.779,.525,.440,35,112,106,25.3,2.9,155,46,9,2.1
noah-dickerson-1,noah-dickerson-1,Noah Dickerson,6-8,245lb,Forward,2018-19,washington,931,270,23.0,.556,.688,.558,.000,87,32,91,25.8,2.2,183,37,22,2.1
david-crisp-1,david-crisp-1,David Crisp,6-0,195lb,Guard,2018-19,washington,1190,76,13.2,.410,.641,.452,.374,15,97,71,21.4,1.7,61,36,2,1.5
matisse-thybulle-1,matisse-thybulle-1,Matisse Thybulle,6-5,195lb,Guard-Forward,2018-19,washington,1118,111,19.9,.415,.851,.555,.305,27,77,66,17.2,1.3,84,126,82,3.1
nahziah-carter-1,nahziah-carter-1,Nahziah Carter,6-6,205lb,Guard-Forward,2018-19,washington,740,88,15.2,.478,.638,.554,.310,35,31,37,21.5,1.3,53,16,6,0.9
dominic-green-2,dominic-green-2,Dominic Green,6-6,190lb,Forward,2018-19,washington,811,96,10.9,.357,.778,.385,.351,23,25,27,15.7,0.8,73,23,9,1.2
hameir-wright-1,hameir-wright-1,Hameir Wright,6-9,215lb,Forward,2018-19,washington,573,75,6.3,.271,.708,.306,.241,19,28,34,13.9,-0.5,56,17,45,1.1
sam-timmins-1,sam-timmins-1,Sam Timmins,6-11,265lb,Forward,2018-19,washington,374,78,11.9,.620,.364,.620,,36,9,27,12.3,0.1,42,12,25,0.7
jamal-bey-1,jamal-bey-1,Jamal Bey,6-6,200lb,Guard,2018-19,washington,187,18,8.5,.450,.538,.500,.400,2,8,5,8.7,0.1,16,8,3,0.3
elijah-hardy-1,elijah-hardy-1,Elijah Hardy,6-2,170lb,Guard,2018-19,washington,18,0,21.5,.500,,.500,.500,0,0,2,34.9,0.0,0,1,0,0.0
jason-crandall-1,jason-crandall-1,Jason Crandall,6-0,180lb,Guard,2018-19,washington,9,3,31.2,1.000,,1.000,,2,0,0,5.8,0.0,1,1,0,0.0
reagan-lundeen-1,reagan-lundeen-1,Reagan Lundeen,6-6,225lb,Forward,2018-19,washington,5,0,22.9,,1.000,,,0,0,0,10.0,0.0,0,0,0,0.0
bryan-penn-johnson-1,bryan-penn-johnson-1,Bryan Penn-Johnson,7-0,245lb,Center,2018-19,washington,15,4,6.3,.000,.250,.000,,0,0,0,10.1,0.0,4,0,3,0.0
quin-barnard-1,quin-barnard-1,Quin Barnard,6-0,175lb,Guard,2018-19,washington,6,0,0.0,,,,,0,0,0,0.0,0.0,0,0,0,0.0
travis-rice-1,travis-rice-1,Travis Rice,6-2,185lb,Guard,2018-19,washington,8,1,-5.9,.000,,,.000,0,0,0,6.6,0.0,1,0,0,0.0
